ingredientid,ingredient_label,ingredient_exp,列1,ingredient_exp2
1004,263,オートミール,えんばく　オートミール,オートミール
1015,13,薄力粉,こむぎ　［小麦粉］　薄力粉　1等,薄力粉
1018,327,中力粉,こむぎ　［小麦粉］　中力粉　1等,中力粉
1020,30,強力粉,こむぎ　［小麦粉］　強力粉　1等,強力粉
1024,48,ホットケーキミックス,こむぎ　［小麦粉］　プレミックス粉　ホットケーキ用,ホットケーキミックス
1025,202,天ぷら粉,こむぎ　［小麦粉］　プレミックス粉　天ぷら用,天ぷら粉
1026,73,食パン,こむぎ　［パン類］　角形食パン　食パン,食パン
1031,257,フランスパン,こむぎ　［パン類］　フランスパン,フランスパン
1034,468,ロールパン,こむぎ　［パン類］　ロールパン,ロールパン
1036,328,イングリッシュマフィン,こむぎ　［パン類］　イングリッシュマフィン,イングリッシュマフィン
1038,152,うどん,こむぎ　［うどん・そうめん類］　うどん　生,うどん（生）
1039,411,ゆでうどん,こむぎ　［うどん・そうめん類］　うどん　ゆで,うどん（ゆで）
1041,533,うどん乾麺,こむぎ　［うどん・そうめん類］　干しうどん　乾,うどん（乾）
1043,177,そうめん,こむぎ　［うどん・そうめん類］　そうめん・ひやむぎ　乾,そうめん（乾）
1047,308,中華麺,こむぎ　［中華めん類］　中華めん　生,中華麺（生）
1049,344,焼きそば,こむぎ　［中華めん類］　蒸し中華めん　蒸し中華めん,焼きそば（蒸）
1063,43,パスタ,こむぎ　［マカロニ・スパゲッティ類］　マカロニ・スパゲッティ　乾,パスタ（乾）
1074,148,餃子の皮,こむぎ　［その他］　ぎょうざの皮　生,餃子の皮
1076,402,ピザ生地,こむぎ　［その他］　ピザ生地,ピザ生地
1077,34,パン粉,こむぎ　［その他］　パン粉　生,パン粉
1083,65,米,こめ　［水稲穀粒］　精白米　うるち米,米
1085,360,玄米,こめ　［水稲めし］　玄米,玄米（炊いたもの）
1088,22,ご飯,こめ　［水稲めし］　精白米　うるち米,ご飯
1114,243,上新粉,こめ　［うるち米製品］　上新粉,上新粉
1116,99,塩麹,こめ　［うるち米製品］　米こうじ,米こうじ
1117,276,切り餅,こめ　［もち米製品］　もち,餅
1120,186,白玉粉,こめ　［もち米製品］　白玉粉,白玉粉
1122,450,そば粉,そば　そば粉　全層粉,そば粉
1129,384,そば,そば　干しそば　乾,そば（乾）
1132,478,コーンミール,とうもろこし　コーンミール　黄色種,コーンミール
1137,354,コーンフレーク,とうもろこし　コーンフレーク,コーンフレーク
1142,390,ライ麦粉,ライむぎ　全粒粉,ライ麦粉
1151,206,もち米,こめ　［水稲穀粒］　精白米　もち米,もち米
1158,164,米粉,こめ　［うるち米製品］　米粉,米粉
1172,220,天かす,こむぎ　［小麦粉］　プレミックス粉　天ぷら用　バッター　揚げ,天かす
1174,446,トースト,こむぎ　［パン類］　角形食パン　焼き,食パン（焼き）
1179,175,春巻きの皮,こむぎ　［その他］　春巻きの皮　生,春巻きの皮
2003,113,こんにゃく,＜いも類＞　こんにゃく　板こんにゃく　精粉こんにゃく,こんにゃく
2005,239,しらたき,＜いも類＞　こんにゃく　しらたき,しらたき
2006,84,さつまいも,＜いも類＞　（さつまいも類）　さつまいも　塊根　皮なし　生,さつまいも
2010,153,里芋,＜いも類＞　（さといも類）　さといも　球茎　生,里芋
2017,25,じゃがいも,＜いも類＞　じゃがいも　塊茎　皮なし　生,じゃがいも
2020,562,冷凍ポテト,＜いも類＞　じゃがいも　塊茎　皮なし　フライドポテト　（市販冷凍食品を揚げたもの）,冷凍ポテト
2023,161,長芋,＜いも類＞　（やまのいも類）　ながいも　ながいも　塊根　生,長芋
2034,14,片栗粉,＜でん粉・でん粉製品＞　（でん粉類）　じゃがいもでん粉,片栗粉
2035,133,コーンスターチ,＜でん粉・でん粉製品＞　（でん粉類）　とうもろこしでん粉,コーンスターチ
2039,150,春雨,＜でん粉・でん粉製品＞　（でん粉製品）　はるさめ　緑豆はるさめ　乾,はるさめ（乾)
2054,577,ヤーコン,＜いも類＞　ヤーコン　塊根　生,ヤーコン
3001,218,黒糖,（砂糖類）　黒砂糖,黒砂糖
3003,0,砂糖,（砂糖類）　車糖　上白糖,砂糖
3004,134,三温糖,（砂糖類）　車糖　三温糖,三温糖
3005,35,グラニュー糖,（砂糖類）　ざらめ糖　グラニュー糖,グラニュー糖
3009,295,氷砂糖,（砂糖類）　加工糖　氷砂糖,氷砂糖
3011,140,粉砂糖,（砂糖類）　加工糖　粉糖,粉砂糖
3022,44,はちみつ,（その他）　はちみつ,はちみつ
3023,156,メープルシロップ,（その他）　メープルシロップ,メープルシロップ
3024,314,水あめ,（でん粉糖類）　水あめ　酵素糖化,水あめ
3029,299,黒蜜,（その他）　黒蜜,黒蜜
3030,165,きび砂糖,（砂糖類）　てんさい含蜜糖,きび砂糖
4001,324,小豆,あずき　全粒　乾,小豆（乾）
4002,521,ゆであずき,あずき　全粒　ゆで,ゆであずき
4004,254,あんこ,あずき　あん　こし生あん,こしあん
4006,431,粒あん,あずき　あん　つぶし練りあん,粒あん
4007,530,インゲン豆,いんげんまめ　全粒　乾,インゲン豆（乾）
4028,310,大豆水煮,だいず　［全粒・全粒製品］　水煮缶詰　黄大豆,大豆水煮
4029,172,きな粉,だいず　［全粒・全粒製品］　きな粉　黄大豆　全粒大豆,きな粉
4032,93,木綿豆腐,だいず　［豆腐・油揚げ類］　木綿豆腐,木綿豆腐
4033,50,豆腐,だいず　［豆腐・油揚げ類］　絹ごし豆腐,絹ごし豆腐
4038,436,焼き豆腐,だいず　［豆腐・油揚げ類］　焼き豆腐,焼き豆腐
4039,142,厚揚げ,だいず　［豆腐・油揚げ類］　生揚げ,厚揚げ（生）
4040,74,油揚げ,だいず　［豆腐・油揚げ類］　油揚げ　生,油揚げ
4041,547,がんもどき,だいず　［豆腐・油揚げ類］　がんもどき,がんもどき
4042,212,高野豆腐,だいず　［豆腐・油揚げ類］　凍り豆腐　乾,高野豆腐（乾）
4046,80,納豆,だいず　［納豆類］　糸引き納豆,納豆
4047,471,ひきわり納豆,だいず　［納豆類］　挽きわり納豆,ひきわり納豆
4051,131,おから,だいず　［その他］　おから　生,おから
4052,71,豆乳,だいず　［その他］　豆乳　豆乳,豆乳
4053,410,調整豆乳,だいず　［その他］　豆乳　調製豆乳,調整豆乳
4066,332,ミックスビーンズ,ひよこまめ　全粒　ゆで,ひよこまめ（茹）
4089,381,おからパウダー,だいず　［その他］　おから　乾燥,おからパウダー
5001,126,アーモンドプードル,アーモンド　乾,アーモンド（乾)
5010,311,栗,（くり類）　日本ぐり　生,栗(生)
5012,376,栗の甘露煮,（くり類）　日本ぐり　甘露煮,栗の甘露煮
5014,151,くるみ,くるみ　いり,くるみ（炒り)
5016,489,ココナッツファイン,ココナッツ　ココナッツパウダー,ココナッツファイン
5017,87,ごま,ごま　乾,ごま(乾)
5018,162,いりごま,ごま　いり,いりごま
5037,415,ピーナッツバター,らっかせい　ピーナッツバター,ピーナッツバター
5042,375,練りゴマ,ごま　ねり,練りゴマ
6007,132,アスパラ,アスパラガス　若茎　生,アスパラ
6010,160,いんげん,いんげんまめ　さやいんげん　若ざや　生,いんげん
6015,187,枝豆,えだまめ　生,枝豆
6017,409,冷凍枝豆,えだまめ　冷凍,冷凍枝豆
6020,264,絹さや,（えんどう類）　さやえんどう　若ざや　生,さやえんどう
6022,271,スナップエンドウ,（えんどう類）　スナップえんどう　若ざや　生,スナップえんどう
6023,343,グリンピース,（えんどう類）　グリンピース　生,グリンピース
6032,102,オクラ,オクラ　果実　生,オクラ
6034,428,かぶの葉,かぶ　葉　生,かぶの葉
6038,219,かぶ,かぶ　根　皮なし　生,かぶ
6048,58,かぼちゃ,（かぼちゃ類）　西洋かぼちゃ　果実　生,かぼちゃ
6054,273,カリフラワー,カリフラワー　花序　生,カリフラワー
6061,20,キャベツ,（キャベツ類）　キャベツ　結球葉　生,キャベツ
6065,24,きゅうり,きゅうり　果実　生,きゅうり
6070,424,ピクルス,きゅうり　漬物　ピクルス　サワー型,ピクルス
6072,88,水菜,みずな　葉　生,水菜
6084,82,ごぼう,ごぼう　根　生,ごぼう
6086,105,小松菜,こまつな　葉　生,小松菜
6088,320,ザーサイ,ザーサイ　漬物,ザーサイ
6093,260,ししとう,ししとう　果実　生,ししとう
6095,47,大葉,しそ　葉　生,大葉
6099,214,春菊,しゅんぎく　葉　生,春菊
6103,42,生姜,（しょうが類）　しょうが　根茎　皮なし　生,生姜
6104,280,紅しょうが,（しょうが類）　しょうが　漬物　酢漬,紅しょうが
6116,121,ズッキーニ,ズッキーニ　果実　生,ズッキーニ
6119,90,セロリ,セロリ　葉柄　生,セロリ
6128,258,かいわれ大根,（だいこん類）　かいわれだいこん　芽ばえ　生,かいわれ大根
6130,255,大根の葉,（だいこん類）　だいこん　葉　生,大根の葉
6134,28,大根,（だいこん類）　だいこん　根　皮なし　生,大根
6136,248,切り干し大根,（だいこん類）　切干しだいこん　乾,切り干し大根
6148,544,高菜漬け,たかな　たかな漬,高菜漬け
6149,237,たけのこ,たけのこ　若茎　生,たけのこ（生）
6150,477,ゆでたけのこ,たけのこ　若茎　ゆで,たけのこ（茹）
6151,269,たけのこ水煮,たけのこ　水煮缶詰,たけのこ水煮
6152,558,メンマ,たけのこ　めんま　塩蔵　塩抜き,メンマ
6153,9,玉ねぎ,（たまねぎ類）　たまねぎ　りん茎　生,玉ねぎ
6156,433,紫玉ねぎ,（たまねぎ類）　赤たまねぎ　りん茎　生,紫玉ねぎ
6160,242,青梗菜,チンゲンサイ　葉　生,青梗菜
6169,548,赤とうがらし,とうがらし　葉･果実　生,とうがらし（葉・果実・生）
6171,394,唐辛子輪切り,とうがらし　果実　生,とうがらし（果実・生）
6172,92,鷹の爪,とうがらし　果実　乾,鷹の爪
6173,302,冬瓜,とうがん　果実　生,冬瓜
6175,119,コーン,（とうもろこし類）　スイートコーン　未熟種子　生,とうもろこし（生）
6178,266,冷凍コーン,（とうもろこし類）　スイートコーン　未熟種子　カーネル　冷凍,冷凍コーン
6180,245,コーン缶,（とうもろこし類）　スイートコーン　缶詰　ホールカーネルスタイル,コーン缶
6181,475,ヤングコーン,（とうもろこし類）　ヤングコーン　幼雌穂　生,ヤングコーン
6182,27,トマト,（トマト類）　赤色トマト　果実　生,トマト
6183,101,ミニトマト,（トマト類）　赤色ミニトマト　果実　生,ミニトマト
6184,129,トマト缶,（トマト類）　加工品　ホール　食塩無添加,トマト缶
6191,76,なす,（なす類）　なす　果実　生,なす
6201,190,菜の花,（なばな類）　和種なばな　花らい・茎　生,菜の花
6205,108,ゴーヤ,にがうり　果実　生,ゴーヤ
6207,86,ニラ,（にら類）　にら　葉　生,ニラ
6214,16,人参,（にんじん類）　にんじん　根　皮なし　生,人参
6223,17,にんにく,（にんにく類）　にんにく　りん茎　生,にんにく
6224,361,にんにくの芽,（にんにく類）　茎にんにく　花茎　生,にんにくの芽
6226,54,長ネギ,（ねぎ類）　根深ねぎ　葉　軟白　生,長ネギ
6227,179,青ネギ,（ねぎ類）　葉ねぎ　葉　生,青ネギ
6228,185,万能ねぎ,（ねぎ類）　こねぎ　葉　生,万能ねぎ
6233,51,白菜,はくさい　結球葉　生,白菜
6236,104,キムチ,はくさい　漬物　キムチ,キムチ
6238,122,バジル,バジル　葉　生,バジル（生）
6239,67,パセリ,パセリ　葉　生,パセリ（生）
6240,438,ラディッシュ,はつかだいこん　根　生,ラディッシュ
6245,26,ピーマン,（ピーマン類）　青ピーマン　果実　生,ピーマン
6247,130,パプリカ,（ピーマン類）　赤ピーマン　果実　生,赤パプリカ
6249,355,パプリカ黄,（ピーマン類）　黄ピーマン　果実　生,黄パプリカ
6256,457,ふき,（ふき類）　ふき　葉柄　生,ふき
6263,68,ブロッコリー,ブロッコリー　花序　生,ブロッコリー
6267,60,ほうれん草,ほうれんそう　葉　通年平均　生,ほうれん草
6269,572,冷凍ほうれん草,ほうれんそう　葉　冷凍,冷凍ほうれん草
6276,421,みつば,（みつば類）　根みつば　葉　生,根みつば
6278,188,三つ葉,（みつば類）　糸みつば　葉　生,糸みつば
6280,159,みょうが,（みょうが類）　みょうが　花穂　生,みょうが
6287,406,豆もやし,（もやし類）　だいずもやし　生,豆もやし
6291,38,もやし,（もやし類）　りょくとうもやし　生,もやし
6298,549,空芯菜,ようさい　茎葉　生,空芯菜
6312,49,レタス,（レタス類）　レタス　土耕栽培　結球葉　生,レタス
6317,144,れんこん,れんこん　根茎　生,れんこん
6319,338,ルッコラ,ルッコラ　葉　生,ルッコラ
6349,419,フライドオニオン,（にんにく類）　にんにく　りん茎　油いため,フライドオニオン
6365,163,おろし生姜,（しょうが類）　しょうが　根茎　皮なし　生　おろし,おろし生姜
6366,291,しょうが汁,（しょうが類）　しょうが　根茎　皮なし　生　おろし汁,しょうが汁
6367,143,大根おろし,（だいこん類）　だいこん　根　皮なし　生　おろし,大根おろし
6382,208,ミックスベジタブル,（その他）　ミックスベジタブル　冷凍,ミックスベジタブル
6385,321,コリアンダー,コリアンダー　葉　生,コリアンダー
6399,372,野菜ジュース,（その他）　野菜ミックスジュース　通常タイプ,野菜ジュース
7006,81,アボカド,アボカド　生,アボカド
7012,166,いちご,いちご　生,いちご
7019,304,梅,うめ　生,梅（生）
7021,197,梅干,うめ　梅漬　調味漬,梅漬け
7023,128,梅干し,うめ　梅干し　調味漬,梅干し
7037,385,オリーブ,オリーブ　塩漬　グリーンオリーブ,オリーブ（塩漬）
7040,251,オレンジ,（かんきつ類）　オレンジ　ネーブル　砂じょう　生,オレンジ
7049,267,柿,かき　甘がき　生,柿
7054,277,キウイ,キウイフルーツ　緑肉種　生,キウイ
7078,434,すだち,（かんきつ類）　すだち　果皮　生,すだち
7081,442,プルーン,（すもも類）　プルーン　生,プルーン
7102,552,パイナップル缶詰,パインアップル　缶詰,パイナップル缶詰
7107,70,バナナ,バナナ　生,バナナ
7117,112,レーズン,ぶどう　干しぶどう,レーズン
7125,329,ブルーベリージャム,ブルーベリー　ジャム,ブルーベリージャム
7142,349,柚子,（かんきつ類）　ゆず　果皮　生,柚子
7145,455,ライム,（かんきつ類）　ライム　果汁　生,ライム
7148,100,りんご,りんご　皮なし　生,りんご
7155,107,レモン,（かんきつ類）　レモン　全果　生,レモン
7156,21,レモン汁,（かんきつ類）　レモン　果汁　生,レモン汁
7158,261,ココナッツミルク,ココナッツ　ココナッツミルク,ココナッツミルク
7179,560,ドライマンゴー,マンゴー　ドライマンゴー,ドライマンゴー
8001,95,えのき,えのきたけ　生,えのき
8006,318,きくらげ,（きくらげ類）　きくらげ　乾,きくらげ（乾)
8013,191,干し椎茸,しいたけ　乾しいたけ　乾,干し椎茸
8016,33,しめじ,（しめじ類）　ぶなしめじ　生,しめじ
8020,274,なめこ,なめこ　株採り　生,なめこ
8025,83,エリンギ,（ひらたけ類）　エリンギ　生,エリンギ
8028,158,舞茸,まいたけ　生,舞茸
8031,154,マッシュルーム,マッシュルーム　生,マッシュルーム
8039,89,しいたけ,しいたけ　生しいたけ　菌床栽培　生,しいたけ
9002,173,青のり,あおのり　素干し,青のり
9004,69,海苔,あまのり　焼きのり,海苔
9005,382,味付け海苔,あまのり　味付けのり,味付け海苔
9017,135,昆布,（こんぶ類）　まこんぶ　素干し　乾,昆布
9021,352,とろろ昆布,（こんぶ類）　削り昆布,とろろ昆布
9022,146,塩昆布,（こんぶ類）　塩昆布,塩昆布
9038,491,もずく,（もずく類）　もずく　塩蔵　塩抜き,もずく
9040,223,乾燥わかめ,わかめ　乾燥わかめ　素干し,乾燥わかめ
9047,423,めかぶ,わかめ　めかぶわかめ　生,めかぶ
9049,200,粉寒天,てんぐさ　粉寒天,粉寒天
9050,216,ひじき,ひじき　ほしひじき　ステンレス釜　乾,ひじき(乾)
9051,543,生ひじき,ひじき　ほしひじき　ステンレス釜　ゆで,ひじき(茹）
10003,488,鯵,＜魚類＞　（あじ類）　まあじ　皮つき　生,あじ
10045,556,煮干し,＜魚類＞　（いわし類）　かたくちいわし　煮干し,煮干し
10047,408,いわし,＜魚類＞　（いわし類）　まいわし　生,いわし
10055,425,しらす干し,＜魚類＞　（いわし類）　しらす干し　微乾燥品,しらす干し
10056,180,ちりめんじゃこ,＜魚類＞　（いわし類）　しらす干し　半乾燥品,ちりめんじゃこ
10063,476,オイルサーディン,＜魚類＞　（いわし類）　缶詰　油漬,オイルサーディン
10084,583,カジキマグロ,＜魚類＞　（かじき類）　まかじき　生,カジキマグロ
10086,564,かつお,＜魚類＞　（かつお類）　かつお　春獲り　生,かつお
10091,94,鰹節,＜魚類＞　（かつお類）　加工品　かつお節,鰹節
10092,312,削り節,＜魚類＞　（かつお類）　加工品　削り節,削り節
10100,503,カレイ,＜魚類＞　（かれい類）　まがれい　生,カレイ
10134,198,鮭,＜魚類＞　（さけ・ます類）　しろさけ　生,鮭
10139,368,塩鮭,＜魚類＞　（さけ・ます類）　しろさけ　塩ざけ,塩鮭
10144,550,生鮭切り身,＜魚類＞　（さけ・ます類）　たいせいようさけ　養殖　皮つき　生,鮭（養殖）
10151,236,スモークサーモン,＜魚類＞　（さけ・ます類）　べにざけ　くん製,スモークサーモン
10154,399,鯖,＜魚類＞　（さば類）　まさば　生,さば
10173,270,さんま,＜魚類＞　さんま　皮つき　生,さんま
10193,459,鯛,＜魚類＞　（たい類）　まだい　養殖　皮つき　生,たい
10202,229,たらこ,＜魚類＞　（たら類）　すけとうだら　たらこ　生,たらこ（生)
10204,149,明太子,＜魚類＞　（たら類）　すけとうだら　からしめんたいこ,辛子明太子
10205,481,鱈,＜魚類＞　（たら類）　まだら　生,たら
10241,401,ぶり,＜魚類＞　ぶり　成魚　生,ぶり
10260,454,ツナ缶ノンオイル,＜魚類＞　（まぐろ類）　缶詰　水煮　フレーク　ライト,ツナ缶ノンオイル
10263,78,ツナ缶,＜魚類＞　（まぐろ類）　缶詰　油漬　フレーク　ライト,ツナ缶
10281,203,あさり,＜貝類＞　あさり　生,あさり
10292,268,牡蠣,＜貝類＞　かき　養殖　生,牡蠣
10311,334,ホタテ,＜貝類＞　ほたてがい　生,ホタテ
10315,541,ホタテ缶,＜貝類＞　ほたてがい　貝柱　水煮缶詰,ホタテ缶
10319,520,冷凍エビ,＜えび・かに類＞　（えび類）　あまえび　生,あまえび
10328,298,シーフードミックス,＜えび・かに類＞　（えび類）　しばえび　生,小えび（生）
10330,373,干しエビ,＜えび・かに類＞　（えび類）　加工品　干しえび,干しえび
10345,204,イカ,＜いか・たこ類＞　（いか類）　するめいか　生,いか（生）
10358,584,塩辛,＜いか・たこ類＞　（いか類）　加工品　塩辛,塩辛
10361,319,タコ,＜いか・たこ類＞　（たこ類）　まだこ　生,タコ（生）
10362,531,茹でタコ,＜いか・たこ類＞　（たこ類）　まだこ　ゆで,茹でタコ
10376,127,カニカマ,＜水産練り製品＞　かに風味かまぼこ,かにかま
10379,211,かまぼこ,＜水産練り製品＞　蒸しかまぼこ,かまぼこ
10381,97,ちくわ,＜水産練り製品＞　焼き竹輪,ちくわ
10385,181,はんぺん,＜水産練り製品＞　はんぺん,はんぺん
10386,313,さつま揚げ,＜水産練り製品＞　さつま揚げ,さつま揚げ
10388,193,魚肉ソーセージ,＜水産練り製品＞　魚肉ソーセージ,魚肉ソーセージ
10397,228,アンチョビ,＜魚類＞　（いわし類）　缶詰　アンチョビ,アンチョビ
10415,183,エビ,＜えび・かに類＞　（えび類）　バナメイえび　養殖　生,えび
10431,289,桜えび,＜えび・かに類＞　（えび類）　さくらえび　生,桜えび（生）
10438,285,サーモン,＜魚類＞　（さけ・ます類）　たいせいようさけ　養殖　皮なし　生,サーモン
10445,171,しらす,＜魚類＞　（いわし類）　しらす　釜揚げしらす,しらす
10450,342,マグロ,＜魚類＞　（まぐろ類）　くろまぐろ　養殖　赤身　生,マグロ
11034,170,牛肉,＜畜肉類＞　うし　［乳用肥育牛肉］　かたロース　脂身つき　生,牛肩ロース
11064,350,牛肉切り落とし,＜畜肉類＞　うし　［輸入牛肉］　かたロース　脂身つき　生,牛肩
11089,307,牛ひき肉,＜畜肉類＞　うし　［ひき肉］　生,牛ひき肉
11105,393,コンビーフ,＜畜肉類＞　うし　［加工品］　コンビーフ缶詰,コンビーフ
11115,479,豚小間,＜畜肉類＞　ぶた　［大型種肉］　かた　脂身つき　生,豚こま
11119,484,豚肩ロース,＜畜肉類＞　ぶた　［大型種肉］　かたロース　脂身つき　生,豚肩ロース
11123,75,豚肉,＜畜肉類＞　ぶた　［大型種肉］　ロース　脂身つき　生,豚肉
11129,137,豚バラ肉,＜畜肉類＞　ぶた　［大型種肉］　ばら　脂身つき　生,豚バラ肉
11130,420,豚肉切り落とし,＜畜肉類＞　ぶた　［大型種肉］　もも　脂身つき　生,豚肉切り落とし
11140,444,豚ヒレ肉,＜畜肉類＞　ぶた　［大型種肉］　ヒレ　赤肉　生,豚ヒレ
11163,85,豚ひき肉,＜畜肉類＞　ぶた　［ひき肉］　生,豚ひき肉
11176,55,ハム,＜畜肉類＞　ぶた　［ハム類］　ロースハム　ロースハム,ハム
11181,178,生ハム,＜畜肉類＞　ぶた　［ハム類］　生ハム　促成,生ハム
11183,31,ベーコン,＜畜肉類＞　ぶた　［ベーコン類］　ばらベーコン,ベーコン
11186,103,ウインナー,＜畜肉類＞　ぶた　［ソーセージ類］　ウインナーソーセージ　ウインナーソーセージ,ウインナー・ソーセージ
11187,506,サラミ,＜畜肉類＞　ぶた　［ソーセージ類］　セミドライソーセージ,サラミ
11189,290,スパム,＜畜肉類＞　ぶた　［ソーセージ類］　フランクフルトソーセージ,フランクフルト
11198,109,ゼラチン,＜畜肉類＞　ぶた　［その他］　ゼラチン,ゼラチン
11212,451,手羽中,＜鳥肉類＞　にわとり　［親・主品目］　手羽　皮つき　生,手羽
11215,340,鳥もも肉,＜鳥肉類＞　にわとり　［親・主品目］　もも　皮つき　生,鶏もも肉
11219,117,鶏胸肉,＜鳥肉類＞　にわとり　［若どり・主品目］　むね　皮つき　生,鶏むね肉
11221,57,鶏もも肉,＜鳥肉類＞　にわとり　［若どり・主品目］　もも　皮つき　生,若鶏もも肉
11227,194,ささみ,＜鳥肉類＞　にわとり　［若どり・副品目］　ささみ　生,ささみ
11230,147,鶏ひき肉,＜鳥肉類＞　にわとり　［二次品目］　ひき肉　生,鶏ひき肉
11232,322,鶏レバー,＜鳥肉類＞　にわとり　［副品目］　肝臓　生,鶏レバー
11233,292,砂肝,＜鳥肉類＞　にわとり　［副品目］　すなぎも　生,砂肝
11235,306,鶏皮,＜鳥肉類＞　にわとり　［副品目］　皮　もも　生,鶏皮
11285,250,手羽先,＜鳥肉類＞　にわとり　［若どり・主品目］　手羽さき　皮つき　生,手羽先
11286,224,手羽元,＜鳥肉類＞　にわとり　［若どり・主品目］　手羽もと　皮つき　生,手羽元
12002,351,うずらの卵,うずら卵　全卵　生,うずらの卵
12004,4,卵,鶏卵　全卵　生,卵
12005,116,ゆで卵,鶏卵　全卵　ゆで,ゆで卵
12010,36,卵黄,鶏卵　卵黄　生,卵黄
12014,77,卵白,鶏卵　卵白　生,卵白
12022,330,薄焼き卵,鶏卵　全卵　いり,薄焼き卵
13003,6,牛乳,＜牛乳及び乳製品＞　（液状乳類）　普通牛乳,牛乳
13010,96,スキムミルク,＜牛乳及び乳製品＞　（粉乳類）　脱脂粉乳,スキムミルク
13011,447,粉ミルク,＜牛乳及び乳製品＞　（粉乳類）　乳児用調製粉乳,粉ミルク
13013,184,練乳,＜牛乳及び乳製品＞　（練乳類）　加糖練乳,練乳
13014,19,生クリーム,＜牛乳及び乳製品＞　（クリーム類）　クリーム　乳脂肪,生クリーム
13025,79,ヨーグルト,＜牛乳及び乳製品＞　（発酵乳・乳酸菌飲料）　ヨーグルト　全脂無糖,ヨーグルト
13029,463,カルピス,＜牛乳及び乳製品＞　（発酵乳・乳酸菌飲料）　乳酸菌飲料　殺菌乳製品,カルピス
13033,315,カッテージチーズ,＜牛乳及び乳製品＞　（チーズ類）　ナチュラルチーズ　カテージ,カッテージチーズ
13034,303,カマンベールチーズ,＜牛乳及び乳製品＞　（チーズ類）　ナチュラルチーズ　カマンベール,カマンベールチーズ
13035,53,クリームチーズ,＜牛乳及び乳製品＞　（チーズ類）　ナチュラルチーズ　クリーム,クリームチーズ
13037,346,チェダーチーズ,＜牛乳及び乳製品＞　（チーズ類）　ナチュラルチーズ　チェダー,チェダーチーズ
13038,56,粉チーズ,＜牛乳及び乳製品＞　（チーズ類）　ナチュラルチーズ　パルメザン,粉チーズ
13039,497,ブルーチーズ,＜牛乳及び乳製品＞　（チーズ類）　ナチュラルチーズ　ブルー,ブルーチーズ
13040,52,とろけるチーズ,＜牛乳及び乳製品＞　（チーズ類）　プロセスチーズ,とろけるチーズ
13042,309,バニラアイス,＜牛乳及び乳製品＞　（アイスクリーム類）　アイスクリーム　高脂肪,バニラアイス
13056,253,モッツァレラチーズ,＜牛乳及び乳製品＞　（チーズ類）　ナチュラルチーズ　モッツァレラ,モッツァレラチーズ
14001,12,オリーブオイル,（植物油脂類）　オリーブ油,オリーブオイル
14002,11,ごま油,（植物油脂類）　ごま油,ごま油
14006,15,サラダ油,（植物油脂類）　調合油,サラダ油
14008,337,菜種油,（植物油脂類）　なたね油,なたね油
14015,502,牛脂,（動物油脂類）　牛脂,牛脂
14016,441,ラード,（動物油脂類）　ラード,ラード
14017,8,バター,（バター類）　無発酵バター　有塩バター,バター
14018,61,無塩バター,（バター類）　無発酵バター　食塩不使用バター,無塩バター
14020,62,マーガリン,（マーガリン類）　マーガリン　家庭用　有塩,マーガリン
14022,238,ショートニング,（その他）　ショートニング　家庭用,ショートニング
14033,418,無塩マーガリン,（マーガリン類）　マーガリン　家庭用　無塩,無塩マーガリン
15079,207,冷凍パイシート,＜ケーキ・ペストリー類＞　パイ　パイ皮,冷凍パイシート
15086,532,プリン,＜デザート菓子類＞　カスタードプリン,プリン
15093,380,クラッカー,＜ビスケット類＞　クラッカー　オイルスプレークラッカー,クラッカー
15116,155,チョコレート,＜チョコレート類＞　ミルクチョコレート,チョコレート
15133,278,タルト生地,＜ケーキ・ペストリー類＞　タルト　（洋菓子）,タルト
15138,275,カスタードクリーム,＜その他＞　カスタードクリーム,カスタードクリーム
15180,554,チョコクリーム,＜その他＞　チョコレートクリーム,チョコクリーム
16001,138,日本酒,＜アルコール飲料類＞　（醸造酒類）　清酒　普通酒,日本酒
16010,64,白ワイン,＜アルコール飲料類＞　（醸造酒類）　ぶどう酒　白,白ワイン
16011,114,赤ワイン,＜アルコール飲料類＞　（醸造酒類）　ぶどう酒　赤,赤ワイン
16013,232,紹興酒,＜アルコール飲料類＞　（醸造酒類）　紹興酒,紹興酒
16017,213,ブランデー,＜アルコール飲料類＞　（蒸留酒類）　ブランデー,ブランデー
16020,124,ラム酒,＜アルコール飲料類＞　（蒸留酒類）　ラム,ラム酒
16025,7,みりん,＜アルコール飲料類＞　（混成酒類）　みりん　本みりん,みりん
16035,174,抹茶,＜茶類＞　（緑茶類）　抹茶　茶,抹茶（液)
16043,498,紅茶の葉,＜茶類＞　（発酵茶類）　紅茶　茶,紅茶
16045,391,コーヒー,＜コーヒー・ココア類＞　コーヒー　浸出液,コーヒー
16046,168,インスタントコーヒー,＜コーヒー・ココア類＞　コーヒー　インスタントコーヒー,インスタントコーヒー
16048,123,ココア,＜コーヒー・ココア類＞　ココア　ピュアココア,ココア（粉）
16051,167,昆布茶,＜その他＞　昆布茶,昆布茶
16053,519,コーラ,＜その他＞　（炭酸飲料類）　コーラ,コーラ
16054,331,三ツ矢サイダー,＜その他＞　（炭酸飲料類）　サイダー,サイダー
17001,98,ウスターソース,＜調味料類＞　（ウスターソース類）　ウスターソース,ウスターソース
17002,106,ソース,＜調味料類＞　（ウスターソース類）　中濃ソース,中濃ソース
17003,293,とんかつソース,＜調味料類＞　（ウスターソース類）　濃厚ソース,濃厚ソース
17004,63,豆板醤,＜調味料類＞　（辛味調味料類）　トウバンジャン,豆板醤
17006,120,ラー油,＜調味料類＞　（辛味調味料類）　ラー油,ラー油
17007,3,醤油,＜調味料類＞　（しょうゆ類）　こいくちしょうゆ,醤油
17008,115,薄口醤油,＜調味料類＞　（しょうゆ類）　うすくちしょうゆ,薄口醤油
17012,1,塩,＜調味料類＞　（食塩類）　食塩,塩
17015,18,酢,＜調味料類＞　（食酢類）　穀物酢,酢
17016,217,米酢,＜調味料類＞　（食酢類）　米酢,米酢
17017,262,白ワインビネガー,＜調味料類＞　（食酢類）　果実酢　ぶどう酢,白ワインビネガー
17018,365,りんご酢,＜調味料類＞　（食酢類）　果実酢　りんご酢,りんご酢
17021,46,だし汁,＜調味料類＞　（だし類）　かつお・昆布だし　荒節・昆布だし,だし汁（液体）
17024,235,鶏がらスープ,＜調味料類＞　（だし類）　鶏がらだし,鶏がらスープ
17025,240,中華だし,＜調味料類＞　（だし類）　中華だし,中華だし
17026,234,ブイヨン,＜調味料類＞　（だし類）　洋風だし,洋風だし（液体）
17027,41,コンソメ,＜調味料類＞　（だし類）　固形ブイヨン,固形コンソメ・ブイヨン
17028,91,だしの素,＜調味料類＞　（だし類）　顆粒和風だし,顆粒だし
17029,45,めんつゆ,＜調味料類＞　（だし類）　めんつゆ　ストレート,めんつゆストレート
17030,209,めんつゆ3倍濃縮,＜調味料類＞　（だし類）　めんつゆ　三倍濃縮,めんつゆ3倍濃縮
17031,40,オイスターソース,＜調味料類＞　（調味ソース類）　オイスターソース,オイスターソース
17033,297,ミートソース,＜調味料類＞　（調味ソース類）　ミートソース,ミートソース
17034,284,トマトピューレ,＜調味料類＞　（トマト加工品類）　トマトピューレー,トマトピューレ
17036,23,ケチャップ,＜調味料類＞　（トマト加工品類）　トマトケチャップ,ケチャップ
17037,230,トマトソース,＜調味料類＞　（トマト加工品類）　トマトソース,トマトソース
17038,221,スイートチリソース,＜調味料類＞　（トマト加工品類）　チリソース,チリソース
17039,336,青じそドレッシング,＜調味料類＞　（ドレッシング類）　分離液状ドレッシング　和風ドレッシングタイプ調味料　ノンオイルタイプ,ノンオイル和風ドレッシング
17042,10,マヨネーズ,＜調味料類＞　（ドレッシング類）　半固形状ドレッシング　マヨネーズ　全卵型,マヨネーズ
17044,231,白味噌,＜調味料類＞　（みそ類）　米みそ　甘みそ,白味噌
17045,32,味噌,＜調味料類＞　（みそ類）　米みそ　淡色辛みそ,味噌
17048,509,八丁味噌,＜調味料類＞　（みそ類）　豆みそ,八丁味噌
17051,192,カレールー,＜調味料類＞　（ルウ類）　カレールウ,カレールー
17053,294,酒粕,＜調味料類＞　（その他）　酒かす,酒粕
17055,222,ガラムマサラ,＜香辛料類＞　オールスパイス　粉,オールスパイス
17058,246,からし,＜香辛料類＞　からし　練り,からし
17059,189,マスタード,＜香辛料類＞　からし　練りマスタード,マスタード
17060,118,粒マスタード,＜香辛料類＞　からし　粒入りマスタード,粒マスタード
17061,72,カレー粉,＜香辛料類＞　カレー粉,カレー粉
17062,374,クローブ,＜香辛料類＞　クローブ　粉,クローブ
17063,66,ブラックペッパー,＜香辛料類＞　こしょう　黒　粉,ブラックペッパー
17065,39,こしょう,＜香辛料類＞　こしょう　混合　粉,こしょう
17066,363,山椒,＜香辛料類＞　さんしょう　粉,山椒
17067,110,シナモン,＜香辛料類＞　シナモン　粉,シナモン
17069,196,しょうがチューブ,＜香辛料類＞　しょうが　おろし,しょうがチューブ
17071,288,タイム,＜香辛料類＞　タイム　粉,タイム
17072,252,チリパウダー,＜香辛料類＞　チリパウダー,チリパウダー
17073,176,七味唐辛子,＜香辛料類＞　とうがらし　粉,七味唐辛子
17074,136,ナツメグ,＜香辛料類＞　ナツメグ　粉,ナツメグ
17075,145,ガーリックパウダー,＜香辛料類＞　にんにく　ガーリックパウダー　食塩無添加,ガーリックパウダー
17076,125,にんにくすりおろし,＜香辛料類＞　にんにく　おろし,にんにくすりおろし
17077,205,乾燥バジル,＜香辛料類＞　バジル　粉,乾燥バジル
17078,210,乾燥パセリ,＜香辛料類＞　パセリ　乾,乾燥パセリ
17082,195,イースト,＜その他＞　酵母　パン酵母　圧搾,イースト
17083,37,ドライイースト,＜その他＞　酵母　パン酵母　乾燥,ドライイースト
17084,29,ベーキングパウダー,＜その他＞　ベーキングパウダー,ベーキングパウダー
17085,301,お好み焼きソース,＜調味料類＞　（ウスターソース類）　お好み焼きソース,お好み焼きソース
17087,201,だし醤油,＜調味料類＞　（しょうゆ類）　だししょうゆ,だし醤油
17090,247,黒酢,＜調味料類＞　（食酢類）　黒酢,黒酢
17091,157,バルサミコ酢,＜調味料類＞　（食酢類）　果実酢　バルサミコ酢,バルサミコ酢
17093,111,鶏がらスープの素,＜調味料類＞　（だし類）　顆粒中華だし,鶏がらスープの素
17101,199,すし酢,＜調味料類＞　（調味ソース類）　すし酢　ちらし・稲荷用,すし酢
17105,369,デミグラスソース,＜調味料類＞　（調味ソース類）　デミグラスソース,デミグラスソース
17106,244,甜麺醤,＜調味料類＞　（調味ソース類）　テンメンジャン,甜麺醤
17107,141,ナンプラー,＜調味料類＞　（調味ソース類）　魚醤油　ナンプラー,ナンプラー
17109,225,ホワイトソース,＜調味料類＞　（調味ソース類）　ホワイトソース,ホワイトソース
17110,59,ポン酢,＜調味料類＞　（調味ソース類）　ぽん酢しょうゆ,ポン酢
17113,227,焼肉のタレ,＜調味料類＞　（調味ソース類）　焼き肉のたれ,焼肉のタレ
17115,182,柚子胡椒,＜調味料類＞　（調味ソース類）　ゆずこしょう,柚子胡椒
17116,169,ドレッシング,＜調味料類＞　（ドレッシング類）　分離液状ドレッシング　和風ドレッシング　分離液状,和風ドレッシング
17117,395,ゴマドレッシング,＜調味料類＞　（ドレッシング類）　乳化液状ドレッシング　ごまドレッシング,ごまドレッシング
17125,514,お茶漬けの素,＜調味料類＞　（その他）　お茶漬けの素　さけ,お茶漬けの素
17136,305,キムチの素,＜調味料類＞　（その他）　キムチの素,キムチの素
17138,5,酒,＜調味料類＞　（その他）　料理酒,酒
17141,300,めんつゆ2倍濃縮,＜調味料類＞　（だし類）　めんつゆ　二倍濃縮,めんつゆ2倍濃縮
18002,504,餃子,中国料理　点心類　ぎょうざ,餃子
18015,458,ミートボール,洋風料理　素揚げ類　ミートボール,ミートボール
18018,579,コロッケ,洋風料理　コロッケ類　ポテトコロッケ,コロッケ
18037,487,ひじきの煮物,和風料理　煮物類　ひじきのいため煮,ひじきの煮物
18041,282,カレー,洋風料理　カレー類　ポークカレー,ポークカレー
18050,339,ハンバーグ,洋風料理　ハンバーグステーキ類　合いびきハンバーグ,ハンバーグ